City_ID,City,Lat,Lng,Max Temp,Humidity,Cloudiness,Wind Speed,Country,Date
0,port-aux-francais,-49.35,70.2167,275.56,79,87,12.29,TF,1691611839
1,aguas formosas,-17.0822,-40.9358,296.59,66,97,2.19,BR,1691611901
2,iqaluit,63.7506,-68.5145,277.98,93,100,3.58,CA,1691611839
3,punta arenas,-53.15,-70.9167,277.1,93,100,3.7,CL,1691611843
4,bethel,41.3712,-73.414,302.71,52,0,6.17,US,1691611840
5,bom jesus,-9.0744,-44.3586,307.89,19,12,4.35,BR,1691611902
6,aykhal,66.0,111.5,287.33,59,85,2.76,RU,1691611867
7,al bardiyah,31.7561,25.0865,300.0,67,0,2.82,LY,1691611903
8,adamstown,-25.066,-130.1015,291.97,72,40,9.61,PN,1691611843
9,juan de ayolas,-27.4,-56.9,292.82,80,99,1.6,PY,1691611903
10,nuuk,64.1835,-51.7216,279.49,87,75,7.72,GL,1691611764
11,lebu,-37.6167,-73.65,285.39,92,100,10.07,CL,1691611842
12,fale old settlement,-9.3852,-171.2468,301.53,78,11,6.68,TK,1691611840
13,ad dawadimi,24.5077,44.3924,304.96,11,2,4.43,SA,1691611904
14,puerto natales,-51.7236,-72.4875,277.06,93,92,0.61,CL,1691611839
15,bandarban,22.1965,92.2262,297.27,98,100,1.31,BD,1691611905
16,grytviken,-54.2811,-36.5092,265.93,65,3,3.35,GS,1691611821
17,nantucket,41.2835,-70.0995,302.18,62,0,7.72,US,1691611839
18,isafjordur,66.0755,-23.124,283.01,57,79,3.45,IS,1691611852
19,port saint john's,-31.6229,29.5448,291.05,79,100,4.87,ZA,1691611870
20,coruripe,-10.1256,-36.1756,296.77,84,68,3.73,BR,1691611906
21,atafu village,-8.5421,-172.5159,301.39,80,100,6.63,TK,1691611844
22,shangqiu,34.45,115.65,297.03,87,3,2.2,CN,1691611907
23,ketchikan,55.3422,-131.6461,287.41,94,100,6.69,US,1691611839
24,lospalos,-8.5186,127.0025,292.96,94,54,1.98,TL,1691611907
25,tual,-5.6667,132.75,298.67,80,100,10.38,ID,1691611866
26,cascais,38.6979,-9.4215,297.79,82,20,7.15,PT,1691611625
27,makueni boma,-1.8041,37.6203,289.93,75,56,1.96,KE,1691611908
28,hermanus,-34.4187,19.2345,286.38,86,0,4.43,ZA,1691611841
29,margaret river,-33.95,115.0667,283.67,77,100,1.4,AU,1691611847
30,mangrol,21.1167,70.1167,300.17,83,100,7.58,IN,1691611909
31,tura,25.5198,90.2201,296.71,98,100,0.88,IN,1691611847
32,turaif,31.6725,38.6637,303.09,18,0,3.28,SA,1691611909
33,edinburgh of the seven seas,-37.0676,-12.3116,283.72,64,79,10.29,SH,1691611842
34,hawaiian paradise park,19.5933,-154.9731,298.72,87,100,3.09,US,1691611844
35,papatowai,-46.5619,169.4708,275.18,87,93,2.58,NZ,1691611812
36,queenstown,-31.8976,26.8753,283.21,90,4,2.15,ZA,1691611911
37,invercargill,-46.4,168.35,272.6,95,83,0.89,NZ,1691611845
38,kimbe,-5.5502,150.1429,298.13,81,30,4.88,PG,1691611911
39,utrik,11.2278,169.8474,301.14,74,89,5.03,MH,1691611857
40,kanniyakumari,8.0833,77.5667,299.14,85,100,7.35,IN,1691611912
41,tazovsky,67.4667,78.7,280.95,88,75,7.74,RU,1691611840
42,puerto ayora,-0.7393,-90.3518,303.13,84,99,3.13,EC,1691611841
43,waitangi,-43.9535,-176.5597,282.49,83,94,2.24,NZ,1691611831
44,leua,48.2156,18.6071,287.54,91,92,1.44,SK,1691611913
45,kuressaare,58.2481,22.5039,288.68,89,67,4.12,EE,1691611866
46,college,64.8569,-147.8028,294.03,84,75,0.0,US,1691611841
47,talnakh,69.4865,88.3972,286.6,63,100,2.53,RU,1691611839
48,saint marys,30.7305,-81.5465,309.18,63,18,1.34,US,1691611914
49,tainan,22.9908,120.2133,300.03,85,99,1.97,TW,1691611914
50,qaqortoq,60.7167,-46.0333,281.19,73,18,2.04,GL,1691611843
51,pizhou,34.3114,117.9503,295.13,76,12,3.11,CN,1691611915
52,barra de santo antonio,-9.4047,-35.5072,297.75,76,71,4.44,BR,1691611695
53,baiyin,36.5583,104.2081,297.19,67,2,1.81,CN,1691611915
54,prado,-17.3411,-39.2208,296.16,74,2,3.23,BR,1691611915
55,zouerate,22.7187,-12.4521,312.03,15,3,4.95,MR,1691611916
56,watford city,47.8022,-103.2832,296.57,73,0,4.12,US,1691611916
57,freistadt,48.511,14.5045,287.33,97,79,1.68,AT,1691611916
58,gornopravdinsk,60.05,69.9,284.23,83,63,2.4,RU,1691611917
59,flying fish cove,-10.4217,105.6791,296.97,88,75,5.66,CX,1691611864
60,ushuaia,-54.8,-68.3,277.36,91,100,4.16,AR,1691611842
61,rosarito,32.3333,-117.0333,303.5,72,36,4.09,MX,1691611848
62,port mathurin,-19.6833,63.4167,296.13,62,0,8.36,MU,1691611849
63,kununurra,-15.7667,128.7333,289.14,77,17,0.0,AU,1691611859
64,eatonton,33.3268,-83.3885,306.61,33,57,3.15,US,1691611918
65,tralee,52.2704,-9.7026,291.18,88,0,2.94,IE,1691611847
66,keren,15.7778,38.4581,296.88,73,89,1.77,ER,1691611919
67,albany,42.6001,-73.9662,301.93,51,69,2.24,US,1691611757
68,dudinka,69.4058,86.1778,286.83,71,100,8.92,RU,1691611847
69,arraial do cabo,-22.9661,-42.0278,295.07,78,75,5.66,BR,1691611857
70,kodiak,57.79,-152.4072,284.88,100,100,1.54,US,1691611843
71,saipan,15.1355,145.701,301.54,100,100,3.6,MP,1691611847
72,bogalusa,30.791,-89.8487,310.37,44,40,3.09,US,1691611920
73,whitehorse,60.7161,-135.0538,292.65,46,26,3.58,CA,1691611840
74,longyearbyen,78.2186,15.6401,284.06,54,0,0.51,SJ,1691611845
75,sisimiut,66.9395,-53.6735,279.85,78,100,3.8,GL,1691611921
76,pangai,-19.8,-174.35,296.63,86,97,1.35,TO,1691611921
77,port elizabeth,-33.918,25.5701,289.32,82,2,7.26,ZA,1691611838
78,shani,10.2162,12.062,296.76,90,100,0.84,NG,1691611922
79,villa huidobro,-34.8383,-64.5869,292.08,32,100,6.18,AR,1691611922
80,polyarnyy,69.1989,33.4478,292.97,72,0,2.61,RU,1691611853
81,kuanda,56.3161,116.0806,291.47,62,100,2.84,RU,1691611840
82,baukau,51.5526,7.2042,290.88,65,0,2.68,DE,1691611923
83,kolwezi,-10.7148,25.4667,290.94,36,0,2.63,CD,1691611924
84,qamdo,31.1667,97.2333,281.32,69,100,0.84,CN,1691611924
85,tucumcari,35.1717,-103.725,307.56,23,0,0.0,US,1691611924
86,selfoss,63.9331,-20.9971,286.51,71,100,3.5,IS,1691611855
87,carolina,18.3808,-65.9574,306.88,75,20,8.75,PR,1691611925
88,moab,38.5733,-109.5498,308.49,17,0,4.44,US,1691611902
89,sur,22.5667,59.5289,304.78,56,99,2.69,OM,1691611700
90,prince rupert,54.3161,-130.3201,288.2,88,100,5.66,CA,1691611926
91,crane,31.3974,-102.3501,312.97,16,0,2.37,US,1691611841
92,srivardhan,18.0333,73.0167,299.42,85,100,2.2,IN,1691611573
93,lalago,-3.45,33.95,296.15,45,27,4.59,TZ,1691611927
94,charo,19.75,-101.05,299.66,41,75,1.03,MX,1691611927
95,moose jaw,50.4001,-105.5344,287.3,82,100,6.17,CA,1691611927
96,nagqu,31.5,92.0,279.66,80,100,1.75,CN,1691611625
97,kinablangan,7.6947,126.5503,298.5,85,100,2.16,PH,1691611928
98,susuman,62.7833,148.1667,279.88,90,92,1.0,RU,1691611845
99,road town,18.4167,-64.6167,305.2,70,40,5.66,VG,1691611929
100,la passe,45.5549,-0.8967,301.28,44,0,4.65,FR,1691611840
101,east london,-33.0153,27.9116,290.5,78,72,7.71,ZA,1691611864
102,lampertheim,49.6019,8.4719,291.66,75,40,1.54,DE,1691611929
103,ribeira grande,38.5167,-28.7,299.37,73,20,6.17,PT,1691611851
104,olonkinbyen,70.9221,-8.7187,279.09,99,100,3.92,SJ,1691611838
105,narvik,68.4384,17.4272,292.49,57,0,2.45,NO,1691611864
106,tiksi,71.6872,128.8694,288.65,54,8,3.37,RU,1691611844
107,lame,10.4415,9.2396,294.1,94,83,0.54,NG,1691611932
108,neiafu,-18.65,-173.9833,297.53,94,20,0.0,TO,1691611932
109,cole harbour,44.6724,-63.4751,292.81,97,100,2.57,CA,1691611845
110,runka,12.4479,7.3092,298.55,76,31,2.47,NG,1691611933
111,ostersund,63.1792,14.6357,285.16,82,8,5.66,SE,1691611933
112,douglas,41.3,-96.167,299.59,73,40,2.06,US,1691611934
113,san clemente del tuyu,-36.3569,-56.7235,285.92,87,84,3.47,AR,1691611934
114,saint augustine beach,29.8505,-81.2654,309.85,79,75,5.66,US,1691611934
115,murzuq,25.9155,13.9184,302.57,17,0,4.81,LY,1691611935
116,canchungo,12.0672,-16.0333,300.22,83,71,2.87,GW,1691611935
117,iskateley,67.6803,53.1512,286.16,81,44,2.3,RU,1691611865
118,wewak,-3.5534,143.6268,298.52,88,87,3.79,PG,1691611935
119,carnarvon,-24.8667,113.6333,292.58,76,35,4.61,AU,1691611846
120,catriel,-37.8791,-67.7956,292.06,26,100,7.03,AR,1691611936
121,lamu,-2.2717,40.902,297.27,84,22,6.6,KE,1691611936
122,san luis,-33.295,-66.3356,293.07,24,100,1.52,AR,1691611776
123,stanley,54.868,-1.6985,291.36,81,75,3.09,GB,1691611842
124,vilyuchinsk,52.9306,158.4028,286.07,79,100,2.67,RU,1691611847
125,taulaga,-11.0553,-171.0883,300.72,81,26,6.9,AS,1691611868
126,menongue,-14.6585,17.691,289.97,32,50,2.48,AO,1691611938
127,tokonou,9.65,-9.7833,295.22,97,99,2.57,GN,1691611938
128,codrington,-38.2667,141.9667,283.53,81,60,7.08,AU,1691611844
129,hamilton,39.1834,-84.5333,301.45,76,75,4.63,US,1691611652
130,wailua homesteads,22.0669,-159.378,304.39,73,75,9.77,US,1691611853
131,copiapo,-27.3667,-70.3333,289.98,31,99,3.18,CL,1691611694
132,dakhla,23.6848,-15.958,296.16,83,7,10.29,EH,1691611939
133,sao gabriel,-30.3364,-54.32,287.78,90,95,5.36,BR,1691611755
134,masterton,-40.9597,175.6575,277.53,99,100,1.99,NZ,1691611940
135,weno,7.4515,151.8468,301.63,78,89,3.5,FM,1691611858
136,ancud,-41.8697,-73.8203,283.78,92,100,7.72,CL,1691611570
137,harbatpur,30.45,77.7333,298.82,87,17,1.39,IN,1691611941
138,pizarro,4.9533,-77.366,301.92,74,51,3.21,CO,1691611941
139,bara,10.3744,10.7288,297.31,84,100,1.53,NG,1691611942
140,west island,-12.1568,96.8225,298.14,83,75,6.17,CC,1691611840
141,bredasdorp,-34.5322,20.0403,284.17,93,0,2.03,ZA,1691611843
142,nova sintra,14.8667,-24.7167,296.18,73,54,7.86,CV,1691611843
143,longview,32.5007,-94.7405,313.29,29,0,6.69,US,1691611943
144,daoukro,7.0591,-3.9631,295.51,98,100,2.36,CI,1691611943
145,holualoa,19.6228,-155.9522,300.68,74,20,5.14,US,1691611868
146,alliance,40.9153,-81.1059,302.28,63,77,4.28,US,1691611844
147,pisco,-13.7,-76.2167,294.18,78,100,3.09,PE,1691611842
148,tolanaro,-25.0319,46.9987,292.64,89,5,3.31,MG,1691611862
149,dunedin,-45.8742,170.5036,277.48,70,47,4.02,NZ,1691611613
150,thompson,55.7435,-97.8558,293.75,33,41,3.6,CA,1691611845
151,afyonkarahisar,38.75,30.6667,294.51,72,1,2.5,TR,1691611945
152,turpan,42.9333,89.1667,306.61,25,31,2.21,CN,1691611945
153,vila do maio,15.1333,-23.2167,300.59,75,100,6.57,CV,1691611945
154,serignan,43.2787,3.2771,299.25,68,0,1.54,FR,1691611946
155,umm ruwaba,12.9061,31.2158,303.23,53,72,2.98,SD,1691611946
156,lagunas,-5.2269,-75.6753,306.06,48,86,0.62,PE,1691611946
157,kone,-21.0595,164.8658,289.78,76,65,2.87,NC,1691611839
158,kill devil hills,36.0307,-75.676,303.15,69,0,2.57,US,1691611947
159,thunder bay,48.4001,-89.3168,297.1,38,40,6.17,CA,1691611947
160,porto novo,6.4965,2.6036,297.76,87,100,4.19,BJ,1691611757
161,kyzyl-suu,42.3414,78.0056,290.37,47,0,2.53,KG,1691611948
162,ramnagar,29.4,79.1167,298.83,90,98,0.43,IN,1691611948
163,san luis de la loma,17.2706,-100.8939,302.96,78,100,1.89,MX,1691611854
164,san juan de miraflores,-12.1629,-76.9635,294.44,74,32,4.42,PE,1691611949
165,tashtagol,52.7657,87.8894,286.72,90,64,1.69,RU,1691611949
166,puerto deseado,-47.7503,-65.8938,284.85,64,89,6.34,AR,1691611851
167,sinabang,2.4803,96.3801,298.53,88,100,4.87,ID,1691611950
168,hobyo,5.3505,48.5268,297.79,84,82,10.71,SO,1691611950
169,balkanabat,39.5108,54.3671,306.76,20,0,2.89,TM,1691611950
170,dubno,50.4169,25.7343,291.0,60,100,2.4,UA,1691611951
171,davlekanovo,54.2215,55.0343,290.31,71,0,1.27,RU,1691611951
172,lihue,21.9789,-159.3672,304.73,65,75,9.77,US,1691611727
173,aral,40.5156,81.2636,300.05,30,0,4.33,CN,1691611952
174,ugoofaaru,5.6667,73.0,301.08,78,100,6.81,MV,1691611870
175,podporozh'ye,60.9112,34.1706,289.71,98,100,3.42,RU,1691611952
176,borogontsy,62.6683,131.1683,284.82,73,32,2.33,RU,1691611953
177,itoman,26.1247,127.6694,300.16,100,52,3.09,JP,1691611847
178,howrah,22.5892,88.3103,302.15,89,100,3.6,IN,1691611853
179,constantia,44.1833,28.65,291.32,63,0,4.46,RO,1691611843
180,antsiranana,-12.2787,49.2917,295.3,79,1,5.47,MG,1691611954
181,udachny,66.4167,112.4,287.29,50,97,3.16,RU,1691611841
182,yellowknife,62.456,-114.3525,293.71,41,7,6.75,CA,1691611741
183,visakhapatnam,17.69,83.2093,302.53,66,100,1.62,IN,1691611955
184,westport,41.1415,-73.3579,303.86,46,40,4.63,US,1691611955
185,grande prairie,55.1667,-118.8027,287.35,94,100,0.83,CA,1691611738
186,syas'stroy,60.1367,32.5691,289.05,95,100,2.32,RU,1691611956
187,melfort,52.8667,-104.6177,293.4,39,93,4.79,CA,1691611848
188,avarua,-21.2078,-159.775,296.18,73,100,6.69,CK,1691611838
189,kenora,49.8167,-94.4337,293.73,41,72,4.1,CA,1691611745
190,mogadishu,2.0371,45.3438,297.53,87,44,7.1,SO,1691611957
191,lockwood,45.8191,-108.4149,303.94,28,20,5.66,US,1691611864
192,molchanovo,57.5817,83.7692,285.43,91,59,2.28,RU,1691611957
193,aasiaat,68.7098,-52.8699,277.92,78,20,3.71,GL,1691611854
194,miyoshi,35.0833,137.0667,300.94,79,18,6.15,JP,1691611958
195,howard springs,-12.497,131.047,296.1,81,100,2.56,AU,1691611860
196,batang,-6.4846,110.7083,297.23,83,97,2.5,ID,1691611959
197,cabo san lucas,22.8909,-109.9124,306.27,70,100,9.77,MX,1691611850
198,fort bragg,35.139,-79.006,306.06,40,40,2.57,US,1691611844
199,al kharijah,25.4514,30.5464,305.69,21,0,4.99,EG,1691611870
200,san juan,-31.5375,-68.5364,296.01,19,11,4.05,AR,1691611838
201,novokhopersk,51.0969,41.6252,294.48,57,55,3.03,RU,1691611960
202,georgetown,5.4112,100.3354,300.11,89,40,2.57,MY,1691611748
203,chibougamau,49.9168,-74.3659,295.63,44,77,2.06,CA,1691611774
204,okhotsk,59.3833,143.3,287.16,74,11,0.65,RU,1691611961
205,chui,-33.6971,-53.4616,289.58,80,76,5.68,UY,1691611859
206,teguise,29.0605,-13.564,295.27,78,20,10.8,ES,1691611962
207,banda aceh,5.5577,95.3222,299.35,83,95,5.27,ID,1691611962
208,manvi,15.9833,77.05,300.46,64,52,5.79,IN,1691611962
209,bad birnbach,48.4449,13.091,288.92,97,100,2.65,DE,1691611963
210,san patricio,28.017,-97.5169,313.55,40,0,9.1,US,1691611854
211,coquimbo,-29.9533,-71.3436,288.0,82,100,3.6,CL,1691611850
212,port alfred,-33.5906,26.891,289.36,87,48,2.24,ZA,1691611838
213,hemsby,52.6971,1.6918,291.14,82,8,3.93,GB,1691611963
214,anadyr,64.75,177.4833,282.43,81,75,4.0,RU,1691611840
215,aioun,16.6614,-9.6149,311.34,18,98,4.39,MR,1691611964
216,mount gambier,-37.8333,140.7667,283.3,76,99,4.97,AU,1691611869
217,port lincoln,-34.7333,135.8667,285.43,63,99,4.44,AU,1691611856
218,tarinkot,32.6268,65.8733,300.55,16,0,0.54,AF,1691611965
219,ornskoldsvik,63.2909,18.7153,286.68,94,100,2.06,SE,1691611965
220,mili,6.0815,171.735,301.03,74,70,1.77,MH,1691611965
221,miandrivazo,-19.5167,45.4667,295.63,58,91,0.61,MG,1691611966
222,blackmans bay,-43.0167,147.3167,286.33,69,100,3.49,AU,1691611840
223,kapuskasing,49.4169,-82.4331,296.2,60,75,3.6,CA,1691611840
224,alofi,-19.0595,-169.9187,300.09,83,20,2.06,NU,1691611688
225,uturoa,-16.7333,-151.4333,298.05,70,11,8.42,PF,1691611852
226,tangalle,6.024,80.7911,298.83,89,100,4.11,LK,1691611967
227,christchurch,-43.5333,172.6333,276.45,77,87,4.63,NZ,1691611851
228,praia da vitoria,38.7333,-27.0667,298.01,90,100,4.73,PT,1691611842
229,fisterra,42.9049,-9.2629,295.23,75,100,6.49,ES,1691611862
230,potchefstroom,-26.7167,27.1,283.44,57,3,3.38,ZA,1691611968
231,antalaha,-14.9003,50.2788,292.45,90,7,2.96,MG,1691611968
232,severo-yeniseyskiy,60.3725,93.0408,282.31,93,5,2.14,RU,1691611969
233,turkmenbasy,40.0222,52.9552,301.01,51,0,4.46,TM,1691611969
234,ishim,56.1128,69.4902,290.04,79,97,3.09,RU,1691611969
235,abnub,27.2696,31.1511,304.29,24,0,3.75,EG,1691611969
236,muynoq,43.7683,59.0214,302.65,31,0,4.31,UZ,1691611970
237,champerico,14.3,-91.9167,309.45,70,13,3.06,GT,1691611849
238,callao,-12.0667,-77.15,295.31,68,100,5.14,PE,1691611600
239,rio grande,-32.035,-52.0986,290.21,94,100,9.29,BR,1691611738
240,fortuna,40.5982,-124.1573,295.89,72,40,4.63,US,1691611860
241,lompoc,34.6391,-120.4579,303.53,75,75,3.09,US,1691611859
242,amparafaravola,-17.5833,48.2167,288.45,91,58,2.14,MG,1691611763
243,haiku-pauwela,20.9219,-156.3051,300.16,65,40,8.23,US,1691611866
244,olyokminsk,60.3736,120.4264,288.74,96,8,1.75,RU,1691611972
245,tsetserleg,47.475,101.4542,285.4,84,3,1.95,MN,1691611972
246,lukolela,-1.0605,17.1821,296.5,76,27,0.87,CD,1691611972
247,olinda,-8.0089,-34.8553,300.0,65,40,6.69,BR,1691611753
248,kiunga,-6.1219,141.2906,295.24,89,100,1.73,PG,1691611973
249,orkney,-26.9802,26.6727,284.37,50,1,3.59,ZA,1691611973
250,glace bay,46.1969,-59.957,292.07,95,100,7.72,CA,1691611837
251,cafayate,-26.073,-65.9761,295.69,16,58,4.55,AR,1691611974
252,sainte-marie,-20.8968,55.5496,294.22,84,0,5.66,RE,1691611974
253,ayorou,14.7308,0.9174,303.01,61,88,2.06,NE,1691611974
254,happy valley-goose bay,53.3168,-60.3315,290.32,82,100,4.63,CA,1691611845
255,ponta delgada,37.7333,-25.6667,296.55,94,75,3.09,PT,1691611843
256,luderitz,-26.6481,15.1594,296.78,44,71,3.79,NA,1691611849
257,ak'ordat,15.5486,37.8867,303.32,58,94,1.58,ER,1691611975
258,nar'yan-mar,67.6713,53.087,286.38,80,49,2.27,RU,1691611841
259,valdivia,-39.8142,-73.2459,284.2,96,100,4.8,CL,1691611765
260,belomorsk,64.5232,34.7668,293.31,69,100,2.2,RU,1691611976
261,sechura,-5.5569,-80.8222,299.64,61,93,6.91,PE,1691611977
262,tazacorte,28.629,-17.9293,297.69,90,0,6.17,ES,1691611853
263,chonchi,-42.6128,-73.8092,283.71,97,100,3.31,CL,1691611843
264,orcopampa,-15.2661,-72.3417,288.01,30,79,4.89,PE,1691611977
265,ust-nera,64.5667,143.2,287.82,66,15,1.53,RU,1691611841
266,saldanha,-33.0117,17.9442,287.07,80,0,3.99,ZA,1691611636
267,mufulira,-12.5498,28.2407,290.69,32,5,4.16,ZM,1691611978
268,fada,9.5667,8.3,293.42,96,65,1.18,NG,1691611847
269,geraldton,-28.7667,114.6,282.38,87,100,2.57,AU,1691611850
270,remire-montjoly,4.9167,-52.2667,304.17,66,0,5.14,GF,1691611850
271,los frentones,-26.4077,-61.4137,299.52,39,39,2.22,AR,1691611865
272,armavir,44.9892,41.1234,299.53,54,99,2.25,RU,1691611761
273,dalhart,36.0595,-102.5133,304.16,35,0,3.6,US,1691611773
274,ilulissat,69.2167,-51.1,283.16,50,75,1.03,GL,1691611844
275,cidreira,-30.1811,-50.2056,289.32,95,100,9.09,BR,1691611719
276,serhetabat,35.2799,62.3438,299.25,28,0,2.6,TM,1691611980
277,kulhudhuffushi,6.6221,73.07,301.22,78,100,6.84,MV,1691611981
278,constitucion,-35.3333,-72.4167,286.98,72,100,6.71,CL,1691611857
279,vila velha,-20.3297,-40.2925,296.12,86,75,3.6,BR,1691611767
280,nola,40.922,14.5329,298.24,62,86,1.0,IT,1691611981
281,pontianak,-0.0333,109.3333,298.14,100,40,0.51,ID,1691611612
282,nemuro,43.3236,145.575,291.87,100,100,6.04,JP,1691611869
283,as sulayyil,20.4607,45.5779,307.29,9,5,3.46,SA,1691611982
284,shiyan,32.6475,110.7781,296.28,92,11,0.28,CN,1691611805
285,tucurui,-3.7661,-49.6725,306.04,46,81,2.46,BR,1691611983
286,quellon,-43.1167,-73.6167,284.29,93,75,9.77,CL,1691611853
287,kapit,2.0167,112.9333,295.72,99,51,0.43,MY,1691611984
288,gilgit,35.9221,74.3087,301.49,45,1,0.55,PK,1691611984
289,port macquarie,-31.4333,152.9167,278.65,85,23,3.17,AU,1691611984
290,kuusamo,65.9667,29.1833,289.46,96,45,0.94,FI,1691611984
291,banikoara,11.2985,2.4386,296.45,93,92,2.04,BJ,1691611985
292,rongelap,11.1635,166.8941,301.02,76,42,2.61,MH,1691611630
293,newcastle,-32.9272,151.7765,284.66,90,100,1.34,AU,1691611985
294,angra do heroismo,38.65,-27.2167,299.49,90,20,2.68,PT,1691611986
295,bratsk,56.1325,101.6142,289.42,88,100,2.73,RU,1691611986
296,ingeniero jacobacci,-41.3427,-69.5448,284.67,55,100,7.83,AR,1691611986
297,boyolangu,-8.1181,111.8935,293.88,94,95,1.4,ID,1691611987
298,oppdal,62.5943,9.6912,282.71,84,100,2.44,NO,1691611987
299,escanaba,45.7453,-87.0646,300.35,41,20,5.14,US,1691611702
300,inhambane,-23.865,35.3833,293.38,74,44,5.81,MZ,1691611842
301,masvingo,-20.0637,30.8277,285.09,60,1,2.61,ZW,1691611988
302,bilibino,68.0546,166.4372,282.67,49,99,1.44,RU,1691611812
303,cape coast,5.1053,-1.2466,297.24,89,94,5.8,GH,1691611988
304,taoudenni,22.6783,-3.9836,316.04,11,48,7.21,ML,1691611988
305,petropavlovsk-kamchatsky,53.0452,158.6483,285.25,87,0,2.0,RU,1691611841
306,vadso,70.0744,29.7487,296.64,73,20,5.14,NO,1691611858
307,hammerfest,70.6634,23.6821,297.4,60,0,2.06,NO,1691611862
308,mezhdurechenskiy,59.6,65.9333,289.22,80,100,1.58,RU,1691611989
309,colonia rincon viejo,16.9,-95.05,305.95,56,72,0.95,MX,1691611990
310,newman,37.3138,-121.0208,304.95,17,0,2.65,US,1691611862
311,changji,44.0167,87.3167,299.59,50,0,2.0,CN,1691611990
312,midvagur,62.0511,-7.1939,282.61,81,75,6.69,FO,1691611848
313,bubaque,11.2833,-15.8333,300.49,82,61,3.39,GW,1691611991
314,mesquite,32.7668,-96.5992,314.55,34,0,6.17,US,1691611991
315,trincomalee,8.5711,81.2335,300.07,76,100,4.87,LK,1691611992
316,portland,45.5234,-122.6762,302.38,50,75,2.57,US,1691611672
317,filingue,14.3521,3.3168,304.41,54,83,3.2,NE,1691611992
318,kailua-kona,19.6406,-155.9956,302.75,74,20,5.14,US,1691611541
319,forster,-32.1667,152.5167,282.51,67,76,2.68,AU,1691611993
320,nowshahr,36.649,51.496,299.12,89,0,0.0,IR,1691611993
321,kurkino,53.4257,38.6582,293.01,53,92,3.82,RU,1691611993
322,uribia,11.7139,-72.266,309.58,39,8,5.33,CO,1691611993
323,morondava,-20.2833,44.2833,294.88,85,0,3.37,MG,1691611994
324,badger,64.8,-147.5333,293.99,86,75,0.45,US,1691611844
325,bengkulu,-3.8004,102.2655,296.26,94,56,2.57,ID,1691611995
326,lodja,-3.4833,23.4333,299.35,47,38,0.78,CD,1691611995
327,novyy urgal,51.0736,132.5642,288.51,79,74,0.74,RU,1691611995
328,shakawe,-18.3667,21.85,290.48,29,50,3.06,BW,1691611995
329,sola,-13.8833,167.55,296.27,84,100,10.68,VU,1691611864
330,sufalat sama'il,23.3167,58.0167,301.97,30,56,2.2,OM,1691611996
331,jumla,29.2747,82.1838,291.37,97,100,0.92,NP,1691611996
332,yuli,9.6989,10.2744,297.36,86,100,1.16,NG,1691611997
333,kapa'a,22.0752,-159.319,305.14,73,75,9.77,US,1691611866
334,avon park,27.5959,-81.5062,310.14,63,89,3.21,US,1691611955
335,walvis bay,-22.9575,14.5053,286.53,89,14,0.26,NA,1691611862
336,quelimane,-17.8786,36.8883,291.12,100,75,1.54,MZ,1691611998
337,dampit,-8.2116,112.7493,291.5,95,71,1.77,ID,1691611998
338,lindi,-10.0,39.7167,293.99,83,39,2.03,TZ,1691611998
339,brisas de zicatela,15.8369,-97.0419,305.44,55,75,2.06,MX,1691611999
340,vila franca do campo,37.7167,-25.4333,296.38,94,100,5.3,PT,1691611999
341,tangi,34.3006,71.6536,304.15,59,1,1.42,PK,1691611999
342,coahuayana de hidalgo,18.7,-103.6583,307.29,58,13,3.68,MX,1691611610
343,new norfolk,-42.7826,147.0587,286.99,75,100,2.84,AU,1691611849
344,bestobe,52.4994,73.0975,295.27,40,95,3.28,KZ,1691612000
345,markovo,57.3206,107.0881,290.14,93,100,1.63,RU,1691611858
346,sumbe,-11.2061,13.8437,293.29,85,54,2.71,AO,1691612000
347,korla,41.7597,86.1469,300.58,26,0,1.5,CN,1691612001
348,richards bay,-28.783,32.0377,292.51,73,100,2.54,ZA,1691612001
349,yarmouth,41.7057,-70.2286,302.38,56,0,3.6,US,1691611739
350,ungsang-nodongjagu,42.3578,130.4622,292.51,99,100,1.68,KP,1691612001
351,fuglafjordur,62.244,-6.814,282.41,75,30,6.47,FO,1691612002
352,vieux-habitants,16.0589,-61.7659,298.91,74,21,7.28,GP,1691612002
353,slavgorod,52.9978,78.6449,294.23,55,100,2.64,RU,1691612002
354,trinity beach,-16.7888,145.6968,293.16,97,75,4.63,AU,1691612003
355,nago,26.5881,127.9761,299.62,91,41,2.53,JP,1691612003
356,north battleford,52.7834,-108.2847,293.2,49,75,7.2,CA,1691612003
357,preobrazheniye,42.9019,133.9064,291.92,98,100,5.73,RU,1691612003
358,klyuchi,52.2667,79.1667,293.63,44,89,2.62,RU,1691611856
359,moussoro,13.6408,16.4901,298.64,80,100,6.98,TD,1691612004
360,villa gesell,-37.2639,-56.973,287.07,81,100,5.9,AR,1691611872
361,valdepenas,38.7621,-3.3848,308.58,23,21,3.02,ES,1691612005
362,vorgashor,67.5833,63.95,281.51,83,38,2.85,RU,1691611845
363,ambovombe,-25.1667,46.0833,293.03,85,0,5.27,MG,1691612006
364,peace river,56.2501,-117.286,291.32,94,100,2.57,CA,1691612006
365,guarapari,-20.6667,-40.4975,295.87,88,41,2.67,BR,1691612006
366,saint-joseph,-21.3667,55.6167,292.36,78,20,3.64,RE,1691611848
367,san mariano,7.5,126.0,295.3,95,100,1.68,PH,1691612007
368,jolo,6.05,121.0167,298.62,87,43,1.57,PH,1691612007
369,karratha,-20.7377,116.8463,293.51,55,0,3.02,AU,1691611852
370,kualakapuas,-3.0091,114.3876,295.08,89,55,1.22,ID,1691612008
371,namtsy,62.7161,129.6658,284.31,74,9,1.85,RU,1691612008
372,bamboo flat,11.7,92.7167,301.2,83,75,2.57,IN,1691612009
373,chernyshevskiy,63.0128,112.4714,288.07,95,67,0.8,RU,1691611859
